Order ID,Item ID,Qty
32 90 001,121 021,7
32 90 001,121 003,49
32 90 001,121 023,1
32 90 001,121 018,9
32 90 001,121 015,29
32 90 001,121 014,44
32 90 001,121 001,15
32 90 001,121 010,25
32 90 001,121 010,28
32 90 001,121 024,20
32 90 001,121 002,9
32 90 002,121 007,15
32 90 002,121 002,44
32 90 002,121 014,19
32 90 002,121 020,33
32 90 002,121 019,10
32 90 002,121 025,33
32 90 002,121 007,10
32 90 002,121 020,31
32 90 002,121 002,4
32 90 002,121 007,32
32 90 002,121 013,24
32 90 002,121 007,13
32 90 002,121 019,17
32 90 002,121 012,18
32 90 002,121 002,17
32 90 003,121 008,18
32 90 003,121 010,44
32 90 003,121 011,14
32 90 003,121 005,6
32 90 003,121 012,6
32 90 003,121 007,26
32 90 003,121 004,4
32 90 003,121 019,40
32 90 003,121 014,44
32 90 003,121 024,28
32 90 003,121 018,22
32 90 003,121 017,47
32 90 003,121 006,1
32 90 003,121 007,10
32 90 004,121 002,44
32 90 004,121 005,13
32 90 004,121 009,9
32 90 004,121 007,26
32 90 004,121 009,10
32 90 004,121 002,27
32 90 004,121 021,4
32 90 004,121 007,22
32 90 004,121 021,9
32 90 005,121 022,22
32 90 005,121 023,8
32 90 005,121 016,29
32 90 005,121 015,7
32 90 005,121 004,15
32 90 005,121 007,25
32 90 005,121 017,39
32 90 005,121 001,30
32 90 005,121 021,26
32 90 005,121 015,45
32 90 006,121 018,21
32 90 006,121 013,46
32 90 006,121 017,48
32 90 006,121 001,45
32 90 006,121 014,38
32 90 006,121 023,2
32 90 006,121 011,49
32 90 006,121 018,7
32 90 006,121 008,46
32 90 006,121 012,18
32 90 006,121 012,39
32 90 006,121 015,45
32 90 006,121 016,36
32 90 006,121 011,10
32 90 007,121 021,17
32 90 007,121 012,28
32 90 007,121 014,42
32 90 007,121 013,37
32 90 007,121 010,31
32 90 007,121 013,27
32 90 007,121 016,11
32 90 007,121 022,24
32 90 007,121 019,25
32 90 007,121 024,5
32 90 007,121 006,19
32 90 007,121 010,7
32 90 007,121 020,43
32 90 007,121 009,34
32 90 007,121 018,12
32 90 008,121 007,1
32 90 008,121 025,25
32 90 008,121 001,26
32 90 008,121 013,14
32 90 008,121 010,39
32 90 008,121 022,19
32 90 008,121 019,45
32 90 008,121 019,39
32 90 008,121 007,33
32 90 008,121 008,46
32 90 008,121 020,28
32 90 008,121 018,46
32 90 008,121 012,20
32 90 008,121 013,46
32 90 008,121 021,38
32 90 008,121 008,29
32 90 009,121 024,8
32 90 009,121 023,10
32 90 009,121 018,29
32 90 009,121 017,34
32 90 009,121 006,35
32 90 009,121 024,14
32 90 009,121 007,2
32 90 009,121 020,42
32 90 009,121 023,41
32 90 010,121 015,1
32 90 010,121 013,24
32 90 010,121 021,3
32 90 010,121 009,4
32 90 010,121 024,11
32 90 010,121 023,14
32 90 010,121 022,16
32 90 010,121 015,20
32 90 010,121 001,44
32 90 011,121 019,11
32 90 011,121 017,7
32 90 011,121 002,4
32 90 011,121 024,11
32 90 011,121 010,1
32 90 011,121 016,8
32 90 011,121 008,35
32 90 011,121 005,19
32 90 011,121 020,47
32 90 011,121 003,31
32 90 011,121 004,6
32 90 012,121 015,9
32 90 012,121 023,38
32 90 012,121 001,35
32 90 012,121 017,25
32 90 012,121 002,6
32 90 012,121 011,50
32 90 012,121 022,20
32 90 012,121 023,23
32 90 012,121 013,11
32 90 013,121 004,47
32 90 013,121 003,1
32 90 013,121 007,21
32 90 013,121 018,23
32 90 013,121 017,42
32 90 013,121 003,16
32 90 013,121 014,29
32 90 013,121 015,18
32 90 013,121 011,40
32 90 013,121 020,7
32 90 013,121 013,45
32 90 013,121 014,22
32 90 013,121 004,31
32 90 013,121 008,27
32 90 014,121 021,33
32 90 014,121 021,12
32 90 014,121 019,39
32 90 014,121 015,42
32 90 014,121 024,21
32 90 014,121 001,9
32 90 014,121 006,21
32 90 014,121 002,19
32 90 014,121 009,41
32 90 015,121 019,28
32 90 015,121 013,1
32 90 015,121 016,41
32 90 015,121 022,21
32 90 015,121 018,6
32 90 015,121 002,39
32 90 015,121 019,39
32 90 015,121 009,20
32 90 015,121 007,48
32 90 016,121 009,43
32 90 016,121 020,27
32 90 016,121 015,8
32 90 016,121 019,34
32 90 016,121 007,27
32 90 016,121 013,29
32 90 016,121 006,10
32 90 016,121 018,39
32 90 016,121 012,6
32 90 017,121 010,4
32 90 017,121 004,1
32 90 017,121 005,10
32 90 017,121 002,35
32 90 017,121 023,2
32 90 017,121 008,20
32 90 017,121 021,35
32 90 017,121 004,16
32 90 017,121 016,21
32 90 018,121 020,42
32 90 018,121 008,31
32 90 018,121 013,7
32 90 018,121 016,19
32 90 018,121 017,17
32 90 018,121 014,50
32 90 018,121 020,43
32 90 018,121 006,30
32 90 018,121 016,16
32 90 018,121 006,44
32 90 018,121 018,42
32 90 018,121 002,26
32 90 018,121 019,39
32 90 018,121 010,16
32 90 018,121 006,34
32 90 019,121 008,9
32 90 019,121 021,7
32 90 019,121 005,28
32 90 019,121 023,38
32 90 019,121 006,17
32 90 019,121 012,42
32 90 019,121 016,32
32 90 019,121 025,39
32 90 019,121 017,30
32 90 019,121 015,11
32 90 019,121 023,26
32 90 019,121 015,3
32 90 019,121 014,19
32 90 019,121 021,19
32 90 019,121 007,8
32 90 019,121 018,4
32 90 019,121 009,1
32 90 020,121 015,6
32 90 020,121 012,37
32 90 020,121 005,45
32 90 020,121 014,32
32 90 020,121 006,2
32 90 020,121 008,15
32 90 020,121 019,28
32 90 020,121 024,46
32 90 020,121 022,39
32 90 020,121 023,37
32 90 021,121 025,14
32 90 021,121 013,47
32 90 021,121 025,27
32 90 021,121 007,19
32 90 021,121 022,9
32 90 021,121 018,29
32 90 021,121 013,45
32 90 021,121 012,15
32 90 021,121 016,46
32 90 022,121 010,44
32 90 022,121 007,41
32 90 022,121 014,12
32 90 022,121 014,48
32 90 022,121 022,49
32 90 022,121 012,45
32 90 022,121 017,48
32 90 022,121 012,7
32 90 022,121 001,20
32 90 022,121 009,19
32 90 022,121 002,28
32 90 022,121 012,12
32 90 022,121 012,17
32 90 023,121 020,17
32 90 023,121 001,31
32 90 023,121 020,43
32 90 023,121 022,15
32 90 023,121 013,18
32 90 024,121 009,6
32 90 024,121 010,30
32 90 024,121 022,3
32 90 024,121 012,17
32 90 024,121 024,42
32 90 024,121 006,6
32 90 024,121 016,39
32 90 024,121 008,36
32 90 024,121 019,36
32 90 024,121 002,30
32 90 025,121 015,10
32 90 025,121 011,39
32 90 025,121 015,10
32 90 025,121 018,38
32 90 025,121 004,45
32 90 025,121 012,41
32 90 025,121 025,1
32 90 025,121 001,46
32 90 025,121 003,45
32 90 025,121 010,29
32 90 025,121 014,11
32 90 025,121 024,39
32 90 025,121 022,39
32 90 025,121 005,19
32 90 025,121 018,23
32 90 025,121 007,43
32 90 025,121 002,3
32 90 025,121 004,17
32 90 025,121 011,25
32 90 025,121 025,46
32 90 026,121 022,47
32 90 026,121 018,14
32 90 026,121 023,43
32 90 026,121 020,4
32 90 026,121 024,44
32 90 026,121 013,37
32 90 026,121 008,23
32 90 026,121 005,17
32 90 026,121 020,5
32 90 026,121 001,3
32 90 026,121 018,28
32 90 026,121 024,18
32 90 026,121 022,20
32 90 027,121 008,48
32 90 027,121 014,28
32 90 027,121 024,24
32 90 027,121 004,43
32 90 027,121 015,15
32 90 027,121 001,18
32 90 027,121 011,40
32 90 027,121 003,6
32 90 028,121 016,15
32 90 028,121 023,10
32 90 028,121 009,25
32 90 028,121 012,32
32 90 029,121 012,5
32 90 029,121 018,16
32 90 029,121 009,2
32 90 029,121 012,35
32 90 029,121 017,4
32 90 029,121 023,21
32 90 029,121 010,37
32 90 029,121 025,9
32 90 029,121 004,44
32 90 029,121 020,13
32 90 029,121 017,45
32 90 030,121 009,44
32 90 030,121 004,10
32 90 030,121 010,49
32 90 030,121 019,39
32 90 030,121 009,35
32 90 030,121 020,15
32 90 030,121 008,13
32 90 030,121 009,17
32 90 030,121 013,49
32 90 030,121 008,39
32 90 030,121 016,4
32 90 030,121 012,23
32 90 030,121 023,43
32 90 030,121 017,11
32 90 031,121 013,25
32 90 031,121 003,16
32 90 031,121 001,19
32 90 031,121 015,2
32 90 031,121 019,18
32 90 031,121 004,40
32 90 031,121 009,33
32 90 031,121 013,27
32 90 031,121 020,18
32 90 031,121 024,29
32 90 031,121 017,13
32 90 031,121 023,44
32 90 031,121 016,18
32 90 031,121 003,43
32 90 031,121 016,45
32 90 031,121 016,15
32 90 031,121 021,21
32 90 032,121 013,24
32 90 032,121 016,37
32 90 032,121 019,37
32 90 032,121 025,30
32 90 032,121 019,6
32 90 032,121 016,45
32 90 032,121 021,20
32 90 032,121 023,48
32 90 032,121 002,22
32 90 032,121 003,22
32 90 032,121 018,23
32 90 032,121 011,5
32 90 032,121 018,19
32 90 032,121 011,39
32 90 033,121 023,17
32 90 033,121 024,22
32 90 033,121 012,24
32 90 033,121 022,48
32 90 033,121 007,14
32 90 033,121 015,7
32 90 033,121 013,49
32 90 033,121 019,11
32 90 033,121 010,28
32 90 033,121 015,26
32 90 033,121 014,5
32 90 033,121 023,37
32 90 033,121 009,48
32 90 033,121 003,29
32 90 033,121 001,14
32 90 033,121 005,37
32 90 034,121 005,11
32 90 034,121 003,4
32 90 034,121 003,16
32 90 034,121 016,3
32 90 034,121 023,4
32 90 034,121 020,17
32 90 034,121 010,16
32 90 034,121 012,18
32 90 034,121 019,49
32 90 034,121 023,23
32 90 034,121 016,48
32 90 035,121 019,45
32 90 035,121 009,46
32 90 035,121 020,47
32 90 035,121 003,1
32 90 035,121 025,35
32 90 035,121 012,9
32 90 035,121 021,45
32 90 035,121 020,41
32 90 036,121 025,6
32 90 036,121 012,20
32 90 036,121 017,49
32 90 036,121 021,33
32 90 036,121 003,23
32 90 036,121 010,43
32 90 036,121 024,22
32 90 036,121 008,25
32 90 036,121 002,9
32 90 036,121 013,7
32 90 036,121 017,43
32 90 036,121 005,26
32 90 036,121 003,47
32 90 036,121 018,16
32 90 036,121 008,18
32 90 037,121 022,29
32 90 037,121 006,39
32 90 037,121 024,41
32 90 037,121 006,44
32 90 037,121 022,24
32 90 037,121 001,15
32 90 037,121 013,35
32 90 037,121 002,36
32 90 037,121 007,39
32 90 037,121 013,10
32 90 037,121 019,42
32 90 037,121 010,48
32 90 037,121 001,21
32 90 038,121 015,33
32 90 038,121 023,42
32 90 038,121 021,27
32 90 038,121 009,46
32 90 038,121 022,47
32 90 038,121 005,47
32 90 038,121 013,14
32 90 038,121 014,15
32 90 038,121 009,12
32 90 038,121 013,7
32 90 039,121 019,48
32 90 039,121 022,16
32 90 039,121 014,47
32 90 039,121 016,2
32 90 039,121 022,2
32 90 040,121 005,45
32 90 040,121 007,25
32 90 040,121 020,38
32 90 040,121 002,24
32 90 040,121 008,19
32 90 040,121 015,5
32 90 040,121 009,21
32 90 040,121 008,17
32 90 041,121 022,16
32 90 041,121 013,2
32 90 041,121 018,11
32 90 041,121 015,10
32 90 041,121 013,43
32 90 041,121 017,35
32 90 041,121 006,7
32 90 041,121 016,47
32 90 041,121 020,26
32 90 041,121 009,41
32 90 042,121 003,15
32 90 042,121 020,3
32 90 042,121 018,6
32 90 042,121 007,6
32 90 042,121 022,32
32 90 042,121 016,4
32 90 042,121 004,26
32 90 042,121 011,19
32 90 043,121 007,2
32 90 043,121 016,44
32 90 043,121 021,42
32 90 043,121 025,35
32 90 043,121 014,50
32 90 043,121 012,40
32 90 043,121 002,14
32 90 043,121 012,21
32 90 043,121 007,30
32 90 043,121 009,12
32 90 043,121 023,3
32 90 043,121 019,21
32 90 043,121 008,24
32 90 043,121 020,38
32 90 043,121 018,13
32 90 043,121 014,45
32 90 043,121 014,29
32 90 043,121 024,26
32 90 044,121 012,1
32 90 044,121 016,9
32 90 044,121 013,17
32 90 044,121 016,6
32 90 044,121 007,32
32 90 044,121 002,12
32 90 044,121 019,43
32 90 045,121 002,5
32 90 045,121 025,15
32 90 045,121 018,17
32 90 045,121 025,30
32 90 045,121 012,25
32 90 045,121 011,14
32 90 045,121 010,25
32 90 045,121 011,10
32 90 045,121 004,15
32 90 045,121 006,45
32 90 045,121 007,50
32 90 045,121 001,36
32 90 046,121 001,41
32 90 046,121 013,27
32 90 046,121 014,40
32 90 046,121 012,16
32 90 046,121 017,4
32 90 046,121 001,38
32 90 046,121 018,8
32 90 046,121 022,15
32 90 046,121 013,15
32 90 046,121 018,1
32 90 047,121 005,36
32 90 047,121 009,6
32 90 047,121 013,37
32 90 047,121 011,46
32 90 047,121 014,26
32 90 047,121 001,37
32 90 047,121 024,15
32 90 047,121 025,2
32 90 047,121 015,26
32 90 047,121 006,34
32 90 048,121 015,47
32 90 048,121 014,4
32 90 048,121 023,37
32 90 048,121 010,8
32 90 048,121 010,40
32 90 048,121 012,20
32 90 048,121 008,2
32 90 048,121 023,1
32 90 049,121 002,24
32 90 049,121 011,28
32 90 049,121 023,36
32 90 049,121 022,4
32 90 049,121 002,21
32 90 049,121 023,45
32 90 049,121 011,26
32 90 049,121 011,32
32 90 049,121 014,25
32 90 049,121 011,41
32 90 049,121 020,4
32 90 049,121 005,32
32 90 050,121 022,26
32 90 050,121 024,39
32 90 050,121 015,15
32 90 050,121 019,44
32 90 050,121 006,39
32 90 050,121 020,35
32 90 050,121 015,39
32 90 050,121 013,47
32 90 050,121 014,17
32 90 050,121 018,6
32 90 050,121 013,8
32 90 050,121 025,2
32 90 050,121 006,17
32 90 050,121 006,25
32 90 050,121 015,25
32 90 050,121 006,23
32 90 051,121 008,12
32 90 051,121 005,19
32 90 051,121 002,34
32 90 051,121 003,37
32 90 051,121 011,1
32 90 051,121 016,33
32 90 051,121 004,3
32 90 051,121 023,47
32 90 051,121 018,38
32 90 051,121 015,19
32 90 051,121 017,4
32 90 051,121 024,42
32 90 051,121 023,15
32 90 051,121 025,28
32 90 052,121 008,36
32 90 052,121 013,23
32 90 052,121 004,45
32 90 052,121 008,50
32 90 052,121 022,21
32 90 052,121 020,11
32 90 052,121 005,43
32 90 052,121 010,2
32 90 052,121 002,35
32 90 053,121 025,23
32 90 053,121 010,21
32 90 053,121 023,50
32 90 053,121 021,8
32 90 053,121 007,33
32 90 053,121 002,31
32 90 053,121 025,20
32 90 053,121 025,2
32 90 053,121 013,46
32 90 054,121 023,5
32 90 054,121 008,46
32 90 054,121 014,50
32 90 054,121 020,47
32 90 054,121 025,28
32 90 054,121 009,45
32 90 054,121 021,12
32 90 054,121 025,34
32 90 054,121 008,9
32 90 054,121 024,4
32 90 054,121 022,23
32 90 054,121 012,5
32 90 054,121 017,33
32 90 054,121 002,18
32 90 054,121 013,33
32 90 054,121 018,9
32 90 055,121 023,29
32 90 055,121 020,23
32 90 055,121 002,45
32 90 055,121 010,43
32 90 055,121 024,41
32 90 055,121 025,32
32 90 055,121 014,24
32 90 055,121 001,49
32 90 055,121 006,48
32 90 055,121 016,39
32 90 055,121 014,5
32 90 055,121 008,24
32 90 056,121 017,26
32 90 056,121 014,20
32 90 056,121 025,14
32 90 056,121 012,44
32 90 056,121 008,46
32 90 056,121 025,27
32 90 056,121 004,39
32 90 056,121 021,5
32 90 056,121 024,35
32 90 056,121 019,12
32 90 056,121 021,15
32 90 056,121 014,33
32 90 056,121 016,15
32 90 057,121 022,1
32 90 057,121 014,14
32 90 057,121 012,46
32 90 057,121 023,20
32 90 057,121 006,22
32 90 057,121 025,48
32 90 057,121 002,47
32 90 057,121 006,30
32 90 057,121 010,15
32 90 057,121 012,7
32 90 057,121 023,38
32 90 057,121 005,35
32 90 057,121 007,36
32 90 058,121 013,29
32 90 058,121 022,9
32 90 058,121 016,18
32 90 058,121 025,6
32 90 058,121 005,44
32 90 058,121 004,7
32 90 058,121 009,7
32 90 058,121 019,24
32 90 058,121 020,49
32 90 058,121 001,48
32 90 058,121 024,49
32 90 058,121 015,10
32 90 058,121 019,35
32 90 058,121 024,45
32 90 059,121 005,43
32 90 059,121 004,5
32 90 059,121 004,34
32 90 059,121 012,42
32 90 059,121 012,41
32 90 059,121 024,36
32 90 059,121 021,49
32 90 059,121 006,49
32 90 059,121 010,14
32 90 059,121 004,11
32 90 059,121 008,7
32 90 059,121 021,2
32 90 059,121 008,23
32 90 060,121 025,11
32 90 060,121 013,42
32 90 060,121 005,18
32 90 060,121 020,12
32 90 060,121 022,39
32 90 060,121 021,21
32 90 060,121 005,14
32 90 060,121 003,1
32 90 060,121 005,17
32 90 060,121 017,7
32 90 061,121 019,49
32 90 061,121 005,6
32 90 061,121 021,15
32 90 061,121 004,1
32 90 061,121 002,9
32 90 061,121 010,2
32 90 061,121 015,47
32 90 061,121 002,18
32 90 061,121 024,50
32 90 062,121 024,20
32 90 062,121 020,6
32 90 062,121 025,37
32 90 062,121 021,2
32 90 062,121 010,26
32 90 062,121 001,20
32 90 062,121 012,50
32 90 063,121 019,41
32 90 063,121 024,22
32 90 063,121 024,14
32 90 063,121 023,29
32 90 063,121 015,31
32 90 063,121 008,41
32 90 063,121 020,47
32 90 063,121 010,10
32 90 063,121 008,28
32 90 064,121 010,9
32 90 064,121 013,30
32 90 064,121 024,10
32 90 064,121 007,18
32 90 064,121 018,33
32 90 064,121 001,26
32 90 064,121 008,33
32 90 064,121 004,14
32 90 064,121 005,14
32 90 064,121 005,14
32 90 065,121 022,10
32 90 065,121 015,29
32 90 065,121 021,11
32 90 065,121 023,33
32 90 065,121 014,14
32 90 066,121 022,34
32 90 066,121 018,36
32 90 066,121 011,32
32 90 066,121 011,20
32 90 066,121 021,21
32 90 066,121 018,12
32 90 066,121 007,3
32 90 066,121 019,12
32 90 066,121 012,39
32 90 067,121 025,25
32 90 067,121 010,45
32 90 067,121 021,2
32 90 067,121 024,46
32 90 067,121 019,36
32 90 067,121 002,33
32 90 067,121 025,20
32 90 067,121 016,34
32 90 068,121 019,11
32 90 068,121 023,39
32 90 068,121 024,15
32 90 068,121 024,32
32 90 068,121 008,18
32 90 068,121 020,15
32 90 068,121 017,37
32 90 069,121 014,40
32 90 069,121 011,11
32 90 069,121 011,5
32 90 069,121 024,37
32 90 069,121 021,1
32 90 069,121 025,43
32 90 069,121 025,28
32 90 069,121 013,48
32 90 069,121 007,48
32 90 070,121 007,10
32 90 070,121 007,48
32 90 070,121 004,3
32 90 070,121 004,40
32 90 070,121 023,46
32 90 070,121 005,45
32 90 070,121 009,23
32 90 070,121 024,14
32 90 070,121 005,13
32 90 070,121 024,36
32 90 070,121 023,6
